candidate_id,experiment_id,stage,seed,context_length,horizon,patch_len,stride,d_model,n_heads,num_layers,dropout,batch_size,epochs,learning_rate,weight_decay,validation_mae,validation_rmse,validation_smape,validation_direction_accuracy,best_epoch,train_seconds,status
P033,P033-S11,confirmation,11,12,12,3,1,64,4,2,0.1,32,100,0.0003,0.0,0.1664273961020323,0.25621607514154554,0.6662124004052375,0.5625,39,6.857874000008451,ok
P033,P033-S22,confirmation,22,12,12,3,1,64,4,2,0.1,32,100,0.0003,0.0,0.17070425600589564,0.26447611815414823,0.641506503358337,0.53125,22,4.50222650001524,ok
P033,P033-S33,confirmation,33,12,12,3,1,64,4,2,0.1,32,100,0.0003,0.0,0.17171321091397354,0.2629154483394262,0.6848287080054553,0.53125,19,4.148864299990237,ok
P033,P033-S44,confirmation,44,12,12,3,1,64,4,2,0.1,32,100,0.0003,0.0,0.17418160937571278,0.2670137353828411,0.7296718983935199,0.53125,15,3.5041782000043895,ok
P033,P033-S55,confirmation,55,12,12,3,1,64,4,2,0.1,32,100,0.0003,0.0,0.1766449268713283,0.271863367338975,0.6525169754411336,0.53125,11,2.927857699978631,ok
P035,P035-S11,confirmation,11,12,12,3,1,64,4,2,0.1,32,100,0.001,0.001,0.17097326761965329,0.2680574378094765,0.6323577394142142,0.5416666666666666,10,2.7892339999962132,ok
P035,P035-S22,confirmation,22,12,12,3,1,64,4,2,0.1,32,100,0.001,0.001,0.17307777283713222,0.26251362051026655,0.7178276651746321,0.5,15,3.557761100004427,ok
P035,P035-S33,confirmation,33,12,12,3,1,64,4,2,0.1,32,100,0.001,0.001,0.17039931086280072,0.2590375571361058,0.7148169528239828,0.53125,13,3.334983499982627,ok
P035,P035-S44,confirmation,44,12,12,3,1,64,4,2,0.1,32,100,0.001,0.001,0.17530230892589316,0.26389603840609865,0.7218466197698886,0.5104166666666666,9,2.8087253000121564,ok
P035,P035-S55,confirmation,55,12,12,3,1,64,4,2,0.1,32,100,0.001,0.001,0.17242480888186643,0.25797305173251267,0.7423529398436158,0.53125,15,3.4807713000045624,ok
P002,P002-S11,confirmation,11,12,12,3,1,64,4,2,0.1,64,100,0.001,0.0001,0.16836719471029937,0.25389591904879893,0.7091124390281918,0.59375,15,2.369865899992874,ok
P002,P002-S22,confirmation,22,12,12,3,1,64,4,2,0.1,64,100,0.001,0.0001,0.1704499248492842,0.2644909135557375,0.6589719829003876,0.5625,17,2.6294674999953713,ok
P002,P002-S33,confirmation,33,12,12,3,1,64,4,2,0.1,64,100,0.001,0.0001,0.17299049720168114,0.2629097287949263,0.677520873187181,0.5208333333333334,18,2.7748626000247896,ok
P002,P002-S44,confirmation,44,12,12,3,1,64,4,2,0.1,64,100,0.001,0.0001,0.1722821324171188,0.2598586729118247,0.7393435387472133,0.5625,23,3.1923856000066735,ok
P002,P002-S55,confirmation,55,12,12,3,1,64,4,2,0.1,64,100,0.001,0.0001,0.17660615657223389,0.2653605440300401,0.7342957640522488,0.5104166666666666,25,3.6940254000073764,ok
P031,P031-S11,confirmation,11,12,12,3,1,128,4,2,0.1,64,100,0.001,0.0001,0.17282328898242363,0.2628887640376261,0.6953778278167557,0.53125,21,4.570082500024,ok
P031,P031-S22,confirmation,22,12,12,3,1,128,4,2,0.1,64,100,0.001,0.0001,0.1696327285414251,0.25779193743051126,0.6792649658783656,0.5625,32,6.156143800006248,ok
P031,P031-S33,confirmation,33,12,12,3,1,128,4,2,0.1,64,100,0.001,0.0001,0.17318248731316999,0.2604713831493783,0.7630960816857058,0.4895833333333333,12,3.2883957999874838,ok
P031,P031-S44,confirmation,44,12,12,3,1,128,4,2,0.1,64,100,0.001,0.0001,0.17093976779142395,0.26106835614358787,0.6482741278167642,0.53125,45,8.162424100009957,ok
P031,P031-S55,confirmation,55,12,12,3,1,128,4,2,0.1,64,100,0.001,0.0001,0.1777192740313088,0.27125826214058885,0.7015277962736572,0.5208333333333334,4,2.1507294999901205,ok
P010,P010-S11,confirmation,11,18,12,3,1,64,4,2,0.1,64,100,0.001,0.0001,0.17557756596943364,0.2710603518617033,0.6368361055978239,0.5208333333333334,1,1.5237479000061285,ok
P010,P010-S22,confirmation,22,18,12,3,1,64,4,2,0.1,64,100,0.001,0.0001,0.17657712868337208,0.2695014561613934,0.6623035994382134,0.53125,1,1.3731563999899663,ok
P010,P010-S33,confirmation,33,18,12,3,1,64,4,2,0.1,64,100,0.001,0.0001,0.1766576225636527,0.2682122592553086,0.6829086251719328,0.5208333333333334,7,2.1365781000058632,ok
P010,P010-S44,confirmation,44,18,12,3,1,64,4,2,0.1,64,100,0.001,0.0001,0.17718062309237817,0.2706122781287645,0.6995893300012211,0.5104166666666666,4,1.8382069999934174,ok
P010,P010-S55,confirmation,55,18,12,3,1,64,4,2,0.1,64,100,0.001,0.0001,0.17804070806596428,0.27190300426039976,0.681474508535617,0.5208333333333334,4,1.7677494999952614,ok
P001,P001-S11,confirmation,11,24,12,6,3,64,4,2,0.1,64,100,0.001,0.0001,0.1765423272542345,0.2664954478109059,0.7040655980859958,0.5416666666666666,1,0.9719956000044476,ok
P001,P001-S22,confirmation,22,24,12,6,3,64,4,2,0.1,64,100,0.001,0.0001,0.17712684540310875,0.26955391634701886,0.6433344201676945,0.5520833333333334,2,1.002793899999233,ok
P001,P001-S33,confirmation,33,24,12,6,3,64,4,2,0.1,64,100,0.001,0.0001,0.17694424050084004,0.26872795117812565,0.7042221560519387,0.5208333333333334,2,0.9170015999989118,ok
P001,P001-S44,confirmation,44,24,12,6,3,64,4,2,0.1,64,100,0.001,0.0001,0.1761336704948917,0.26799705946866104,0.7247503970771563,0.5520833333333334,3,1.0596996000094805,ok
P001,P001-S55,confirmation,55,24,12,6,3,64,4,2,0.1,64,100,0.001,0.0001,0.17677667447909093,0.26929313250973663,0.6827861414774823,0.5520833333333334,4,1.1113968999998178,ok
